Aruba,Aruba,Aruba,Aruba,Aruba,Aruba,AW,ARU,ABW
Afghanistan,Islamic Republic of Afghanistan,جمهوری اسلامی افغانستان,افغانستان,د افغانستان اسلامي جمهوریت,افغانستان,Owganystan Yslam Respublikasy,Owganystan,AF,AFG
Angola,Republic of Angola,República de Angola,Angola,AO,ANG,AGO
Anguilla,Anguilla,Anguilla,Anguilla,AI,AIA
Åland Islands,Åland Islands,Landskapet Åland,Åland,AX,ALA
Albania,Republic of Albania,Republika e Shqipërisë,Shqipëria,AL,ALB
Andorra,Principality of Andorra,Principat d'Andorra,Andorra,AD,AND
United Arab Emirates,United Arab Emirates,الإمارات العربية المتحدة,دولة الإمارات العربية المتحدة,AE,UAE
Argentina,Argentine Republic,Argentine Republic,Argentina,República Argentina,Argentina,AR,ARG
Armenia,Republic of Armenia,Հայաստանի Հանրապետություն,Հայաստան,AM,ARM
American Samoa,American Samoa,American Samoa,American Samoa,Sāmoa Amelika,Sāmoa Amelika,AS,ASA
Antarctica,Antarctica,AQ,ATA
French Southern and Antarctic Lands,Territory of the French Southern and Antarctic Lands,Territoire des Terres australes et antarctiques rançaises,Terres australes et antarctiques françaises,TF,
Antigua and Barbuda,Antigua and Barbuda,Antigua and Barbuda,Antigua and Barbuda,AG,ANT
Australia,Commonwealth of Australia,Commonwealth of Australia,Australia,AU,AUS
Austria,Republic of Austria,Republik Österreich,Österreich,AT,AUT,Victoria
Azerbaijan,Republic of Azerbaijan,Azərbaycan Respublikası,Azərbaycan,Азербайджанская Республика,Азербайджан,AZ,AZE
Burundi,Republic of Burundi,République du Burundi,Burundi,Republika y'Uburundi ,Uburundi,BI,BDI
Belgium,Kingdom of Belgium,Königreich Belgien,Belgien,Royaume de Belgique,Belgique,Koninkrijk België,België,BE,BEL
Benin,Republic of Benin,République du Bénin,Bénin,BJ,BEN
Burkina Faso,Burkina Faso,République du Burkina,Burkina Faso,BF,BUR
Bangladesh,People's Republic of Bangladesh,বাংলাদেশ গণপ্রজাতন্ত্রী,বাংলাদেশ,BD,BAN
Bulgaria,Republic of Bulgaria,Република България,България,BG,BUL
Bahrain,Kingdom of Bahrain,مملكة البحرين,‏البحرين,BH,BRN
Bahamas,Commonwealth of the Bahamas,Commonwealth of the Bahamas,Bahamas,BS,BAH
Bosnia and Herzegovina,Bosnia and Herzegovina,Bosna i Hercegovina,Bosna i Hercegovina,Bosna i Hercegovina,Bosna i Hercegovina,Боснa и Херцеговина,Боснa и Херцеговина,BA,BIH
Saint Barthélemy,Collectivity of Saint Barthélemy,Collectivité de Saint-Barthélemy,Saint-Barthélemy,BL,
Saint Helena, Ascension and Tristan da Cunha,Saint Helena, Ascension and Tristan da Cunha,Saint Helena, Ascension and Tristan da Cunha,Saint Helena, Ascension and Tristan da Cunha,SH,SHN
Belarus,Republic of Belarus,Рэспубліка Беларусь,Белару́сь,Республика Беларусь,Беларусь,BY,BLR
Belize,Belize,Belize,Belize,Belize,Belize,Belice,Belice,BZ,BIZ
Bermuda,Bermuda,Bermuda,Bermuda,BM,BER,BMU
Bolivia,Plurinational State of Bolivia,Wuliwya Suyu,Wuliwya,Tetã Volívia,Volívia,Buliwya Mamallaqta,Buliwya,Estado Plurinacional de Bolivia,Bolivia,BO,BOL
Caribbean Netherlands,Bonaire, Sint Eustatius and Saba,Bonaire, Sint Eustatius en Saba,Caribisch Nederland,Boneiru, Sint Eustatius y Saba,Boneiru, Sint Eustatius y Saba,BQ
Brazil,Federative Republic of Brazil,República Federativa do Brasil,Brasil,BR,BRA
Barbados,Barbados,Barbados,Barbados,BB,BAR
Brunei,Nation of Brunei, Abode of Peace,Nation of Brunei, Abode Damai,Negara Brunei Darussalam,BN,BRU
Bhutan,Kingdom of Bhutan,འབྲུག་རྒྱལ་ཁབ་,འབྲུག་ཡུལ་,BT,BTN
Bouvet Island,Bouvet Island,Bouvetøya,Bouvetøya,BV,BVT
Botswana,Republic of Botswana,Republic of Botswana,Botswana,Lefatshe la Botswana,Botswana,BW,BOT,BWA
Central African Republic,Central African Republic,République centrafricaine,République centrafricaine,Ködörösêse tî Bêafrîka,Bêafrîka,CF,CAF
Canada,Canada,Canada,Canada,Canada,Canada,CA,CAN
Cocos (Keeling) Islands,Territory of the Cocos (Keeling) Islands,Territory of the Cocos (Keeling) Islands,Cocos (Keeling) Islands,CC,CCK
Switzerland,Swiss Confederation,Confédération suisse,Suisse,Schweizerische Eidgenossenschaft,Schweiz,Confederazione Svizzera,Svizzera,Confederaziun svizra,Svizra,CH,SUI,CHE
Chile,Republic of Chile,República de Chile,Chile,CL,CHL
China,People's Republic of China,中华人民共和国,中国,CN,CHN
Ivory Coast,Republic of Côte d'Ivoire,République de Côte d'Ivoire,Côte d'Ivoire,CI,CIV
Cameroon,Republic of Cameroon,Republic of Cameroon,Cameroon,République du Cameroun,Cameroun,CM,CMR
DR Congo,Democratic Republic of the Congo,République démocratique du Congo,RD Congo,Repubilika ya Kongo Demokratiki,Repubilika ya Kongo Demokratiki,Republiki ya Kongó Demokratiki,Republiki ya Kongó Demokratiki,Ditunga dia Kongu wa Mungalaata,Ditunga dia Kongu wa Mungalaata,Jamhuri ya Kidemokrasia ya Kongo,Jamhuri ya Kidemokrasia ya Kongo,CD,COD
Republic of the Congo,Republic of the Congo,République du Congo,République du Congo,Repubilika ya Kongo,Repubilika ya Kongo,Republíki ya Kongó,Republíki ya Kongó,CG,CGO
Cook Islands,Cook Islands,Cook Islands,Cook Islands,Kūki 'Āirani,Kūki 'Āirani,CK,COK
Colombia,Republic of Colombia,República de Colombia,Colombia,CO,COL
Comoros,Union of the Comoros,الاتحاد القمري,القمر‎,Union des Comores,Comores,Udzima wa Komori,Komori,KM,COM
Cape Verde,Republic of Cabo Verde,República de Cabo Verde,Cabo Verde,CV,CPV
Costa Rica,Republic of Costa Rica,República de Costa Rica,Costa Rica,CR,CRC
Cuba,Republic of Cuba,República de Cuba,Cuba,CU,CUB
Curaçao,Country of Curaçao,Country of Curaçao,Curaçao,Land Curaçao,Curaçao,Pais Kòrsou,Pais Kòrsou,CW
Christmas Island,Territory of Christmas Island,Territory of Christmas Island,Christmas Island,CX,CXR
Cayman Islands,Cayman Islands,Cayman Islands,Cayman Islands,KY,CAY,CYM
Cyprus,Republic of Cyprus,Δημοκρατία της Κύπρος,Κύπρος,Kıbrıs Cumhuriyeti,Kıbrıs,CY,CYP
Czechia,Czech Republic,česká republika,Česko,Česká republika,Česko,CZ,CZE
Germany,Federal Republic of Germany,Bundesrepublik Deutschland,Deutschland,DE,GER
Djibouti,Republic of Djibouti,جمهورية جيبوتي,جيبوتي‎,République de Djibouti,Djibouti,DJ,DJI
Dominica,Commonwealth of Dominica,Commonwealth of Dominica,Dominica,DM,DMA
Denmark,Kingdom of Denmark,Kongeriget Danmark,Danmark,DK,DEN,DNK
Dominican Republic,Dominican Republic,República Dominicana,República Dominicana,DO,DOM
Algeria,People's Democratic Republic of Algeria,الجمهورية الديمقراطية الشعبية الجزائرية,الجزائر,DZ,ALG
Ecuador,Republic of Ecuador,República del Ecuador,Ecuador,EC,ECU
Egypt,Arab Republic of Egypt,جمهورية مصر العربية,مصر,EG,EGY
Eritrea,State of Eritrea,دولة إرتريا,إرتريا‎,State of Eritrea,Eritrea,ሃገረ ኤርትራ,ኤርትራ,ER,ERI
Western Sahara,Sahrawi Arab Democratic Republic,Sahrawi Arab Democratic Republic,Western Sahara,الجمهورية العربية الصحراوية الديمقراطية,الصحراء الغربية,República Árabe Saharaui Democrática,Sahara Occidental,EH,ESH
Spain,Kingdom of Spain,Reino de España,España,ES,ESP
Estonia,Republic of Estonia,Eesti Vabariik,Eesti,EE,EST
Ethiopia,Federal Democratic Republic of Ethiopia,የኢትዮጵያ ፌዴራላዊ ዲሞክራሲያዊ ሪፐብሊክ,ኢትዮጵያ,ET,ETH
Finland,Republic of Finland,Suomen tasavalta,Suomi,Republiken Finland,Finland,FI,FIN
Fiji,Republic of Fiji,Republic of Fiji,Fiji,Matanitu Tugalala o Viti,Viti,रिपब्लिक ऑफ फीजी,फिजी,FJ,FIJ
Falkland Islands,Falkland Islands,Falkland Islands,Falkland Islands,FK,FLK
France,French Republic,République française,France,FR,FRA
Faroe Islands,Faroe Islands,Færøerne,Færøerne,Føroyar,Føroyar,FO,FRO
Micronesia,Federated States of Micronesia,Federated States of Micronesia,Micronesia,FM,FSM
Gabon,Gabonese Republic,République gabonaise,Gabon,GA,GAB
United Kingdom,United Kingdom of Great Britain and Northern Ireland,United Kingdom of Great Britain and Northern Ireland,England,London,United Kingdom,GB,GBR,UK,Cambridge,Oxford,Bristol,Leeds
Georgia,Georgia,საქართველო,საქართველო,GE,GEO
Guernsey,Bailiwick of Guernsey,Bailiwick of Guernsey,Guernsey,Bailliage de Guernesey,Guernesey,Dgèrnésiais,Dgèrnésiais,GG,
Ghana,Republic of Ghana,Republic of Ghana,Ghana,GH,GHA
Gibraltar,Gibraltar,Gibraltar,Gibraltar,GI,GIB
Guinea,Republic of Guinea,République de Guinée,Guinée,GN,GUI
Guadeloupe,Guadeloupe,Guadeloupe,Guadeloupe,GP,GLB
Gambia,Republic of the Gambia,Republic of the Gambia,Gambia,GM,GAM
Guinea-Bissau,Republic of Guinea-Bissau,República da Guiné-Bissau,Guiné-Bissau,República da Guiné-Bissau,Guiné-Bissau,GW,GBS
Equatorial Guinea,Republic of Equatorial Guinea,République de la Guinée Équatoriale,Guinée équatoriale,República da Guiné Equatorial,Guiné Equatorial,República de Guinea Ecuatorial,Guinea Ecuatorial,GQ,GEQ
Greece,Hellenic Republic,Ελληνική Δημοκρατία,Ελλάδα,GR,GRE
Grenada,Grenada,Grenada,Grenada,GD,GRN
Greenland,Greenland,Kalaallit Nunaat,Kalaallit Nunaat,GL,GRL
Guatemala,Republic of Guatemala,República de Guatemala,Guatemala,GT,GUA
French Guiana,Guiana,Guyane,Guyane française,GF,GUF
Guam,Guam,Guåhån,Guåhån,Guam,Guam,Guam,Guam,GU,GUM
Guyana,Co-operative Republic of Guyana,Co-operative Republic of Guyana,Guyana,GY,GUY
Hong Kong,Hong Kong Special Administrative Region of the People's Republic of China,Hong Kong Special Administrative Region of the People's Republic of China,Hong Kong,中华人民共和国香港特别行政区,香港,HK,HKG
Heard McDonald Islands,Heard Island and McDonald Islands,Heard Island and McDonald Islands,Heard Island and McDonald Islands,HM,HMD
Honduras,Republic of Honduras,República de Honduras,Honduras,HN,HON
Croatia,Republic of Croatia,Republika Hrvatska,Hrvatska,HR,CRO
Haiti,Republic of Haiti,République d'Haïti,Haïti,Repiblik Ayiti,Ayiti,HT,HAI
Hungary,Hungary,Magyarország,Magyarország,HU,HUN
Indonesia,Republic of Indonesia,Republik Indonesia,Indonesia,ID,IDN
Isle of Man,Isle of Man,Isle of Man,Isle of Man,Ellan Vannin or Mannin,Mannin,IM,IMN
India,Republic of India,Republic of India,India,भारत गणराज्य,भारत,இந்தியக் குடியரசு,இந்தியா,IN,IND
British Indian Ocean Territory,British Indian Ocean Territory,British Indian Ocean Territory,British Indian Ocean Territory,IO,
Ireland,Republic of Ireland,Republic of Ireland,Ireland,Poblacht na hÉireann,Éire,IE,IRL
Iran,Islamic Republic of Iran,جمهوری اسلامی ایران,ایران,IR,IRI
Iraq,Republic of Iraq,جمهورية العراق,العراق,ܩܘܼܛܢܵܐ ܐܝܼܪܲܩ,ܩܘܼܛܢܵܐ,کۆماری عێراق,کۆماری,IQ,IRQ
Iceland,Iceland,Ísland,Ísland,IS,ISL
Israel,State of Israel,دولة إسرائيل,إسرائيل,מדינת ישראל,ישראל,IL,ISR
Italy,Italian Republic,Repubblica italiana,Italia,IT,ITA
Jamaica,Jamaica,Jamaica,Jamaica,Jamaica,Jamaica,JM,JAM
Jersey,Bailiwick of Jersey,Bailiwick of Jersey,Jersey,Bailliage de Jersey,Jersey,Bailliage dé Jèrri,Jèrri,JE,JEY
Jordan,Hashemite Kingdom of Jordan,المملكة الأردنية الهاشمية,الأردن,JO,JOR
Japan,Japan,日本,日本,JP,JPN,TOKYO,徳島県,石川 七尾市
Kazakhstan,Republic of Kazakhstan,Қазақстан Республикасы,Қазақстан,Республика Казахстан,Казахстан,KZ,KAZ
Kenya,Republic of Kenya,Republic of Kenya,Kenya,Republic of Kenya,Kenya,KE,KEN
Kyrgyzstan,Kyrgyz Republic,Кыргыз Республикасы,Кыргызстан,Кыргызская Республика,Киргизия,KG,KGZ
Cambodia,Kingdom of Cambodia,ព្រះរាជាណាចក្រកម្ពុជា,Kâmpŭchéa,KH,CAM,KHM
Kiribati,Independent and Sovereign Republic of Kiribati,Independent and Sovereign Republic of Kiribati,Kiribati,Ribaberiki Kiribati,Kiribati,KI,KIR
Saint Kitts and Nevis,Federation of Saint Christopher and Nevisa,Federation of Saint Christopher and Nevisa,Saint Kitts and Nevis,KN,SKN
South Korea,Republic of Korea,한국,대한민국,KR,KOR
Kosovo,Republic of Kosovo,Republika e Kosovës,Kosova,Република Косово,Косово,XK,KOS
Kuwait,State of Kuwait,دولة الكويت,الكويت,KW,KUW
Laos,Lao People's Democratic Republic,ສາທາລະນະ ຊາທິປະໄຕ ຄົນລາວ ຂອງ,ສປປລາວ,LA,LAO
Lebanon,Lebanese Republic,الجمهورية اللبنانية,لبنان,République libanaise,Liban,LB,LIB
Liberia,Republic of Liberia,Republic of Liberia,Liberia,LR,LBR
Libya,State of Libya,الدولة ليبيا,‏ليبيا,LY,LBA
Saint Lucia,Saint Lucia,Saint Lucia,Saint Lucia,LC,LCA
Liechtenstein,Principality of Liechtenstein,Fürstentum Liechtenstein,Liechtenstein,LI,LIE
Sri Lanka,SriLanka,Democratic Socialist Republic of Sri Lanka,ශ්‍රී ලංකා ප්‍රජාතාන්ත්‍රික සමාජවාදී ජනරජය,ශ්‍රී ලංකාව,இலங்கை சனநாயக சோசலிசக் குடியரசு,இலங்கை,SL,LK,LKA,Colombo
Lesotho,Kingdom of Lesotho,Kingdom of Lesotho,Lesotho,Kingdom of Lesotho,Lesotho,LS,LES
Lithuania,Republic of Lithuania,Lietuvos Respublikos,Lietuva,LT,LTU
Luxembourg,Grand Duchy of Luxembourg,Großherzogtum Luxemburg,Luxemburg,Grand-Duché de Luxembourg,Luxembourg,Groussherzogtum Lëtzebuerg,Lëtzebuerg,LU,LUX
Latvia,Republic of Latvia,Latvijas Republikas,Latvija,LV,LAT
Macau,Macao Special Administrative Region of the People's Republic of China,Região Administrativa Especial de Macau da República Popular da China,Macau,中华人民共和国澳门特别行政区,澳门,MO
Saint Martin,Saint Martin,Saint-Martin,Saint-Martin,MF,MAF
Morocco,Kingdom of Morocco,المملكة المغربية,المغرب,ⵜⴰⴳⵍⴷⵉⵜ ⵏ ⵍⵎⵖⵔⵉⴱ,ⵍⵎⴰⵖⵔⵉⴱ,MA,MAR
Monaco,Principality of Monaco,Principauté de Monaco,Monaco,MC,MON
Moldova,Republic of Moldova,Republica Moldova,Moldova,MD,MDA
Madagascar,Republic of Madagascar,République de Madagascar,Madagascar,Repoblikan'i Madagasikara,Madagasikara,MG,MDG
Maldives,Republic of the Maldives,ދިވެހިރާއްޖޭގެ ޖުމްހޫރިއްޔާ,ދިވެހިރާއްޖޭގެ,MV,MDV
Mexico,United Mexican States,Estados Unidos Mexicanos,México,MX,MEX
Marshall Islands,Republic of the Marshall Islands,Republic of the Marshall Islands,Marshall Islands,Republic of the Marshall Islands,M̧ajeļ,MH,MHL
Macedonia,Republic of Macedonia,Република Македонија,Македонија,MK,MKD
Mali,Republic of Mali,République du Mali,Mali,ML,MLI
Malta,Republic of Malta,Republic of Malta,Malta,Repubblika ta ' Malta,Malta,MT,MLT
Myanmar,Republic of the Union of Myanmar,ပြည်ထောင်စု သမ္မတ မြန်မာနိုင်ငံတော်,မြန်မာ,MM,MYA
Montenegro,Montenegro,Црна Гора,Црна Гора,ME,MNE
Mongolia,Mongolia,Монгол улс,Монгол улс,MN,MGL
Northern Mariana Islands,Commonwealth of the Northern Mariana Islands,Commonwealth of the Northern Mariana Islands,Northern Mariana Islands,Sankattan Siha Na Islas Mariånas,Na Islas Mariånas,Commonwealth of the Northern Mariana Islands,Northern Mariana Islands,MP,MNP
Mozambique,Republic of Mozambique,República de Moçambique,Moçambique,MZ,MOZ
Mauritania,Islamic Republic of Mauritania,الجمهورية الإسلامية الموريتانية,موريتانيا,MR,MTN
Montserrat,Montserrat,Montserrat,Montserrat,MS,MSR
Martinique,Martinique,Martinique,Martinique,MQ,MTQ
Mauritius,Republic of Mauritius,Republic of Mauritius,Mauritius,République de Maurice,Maurice,Republik Moris,Moris,MU,MRI
Malawi,Republic of Malawi,Republic of Malawi,Malawi,Chalo cha Malawi, Dziko la Malaŵi,Malaŵi,MW,MAW
Malaysia,Malaysia,Malaysia,Malaysia,مليسيا,مليسيا,MY,MAS
Mayotte,Department of Mayotte,Département de Mayotte,Mayotte,YT,MYT
Namibia,Republic of Namibia,Republiek van Namibië,Namibië,Republik Namibia,Namibia,Republic of Namibia,Namibia,Republic of Namibia,Namibia,Republic of Namibia,Namibia,Republic of Namibia,Namibia,Republic of Namibia,Namibia,Republic of Namibia,Namibia,Lefatshe la Namibia,Namibia,NA,NAM
New Caledonia,New Caledonia,Nouvelle-Calédonie,Nouvelle-Calédonie,NC,NCL
Niger,Republic of Niger,République du Niger,Niger,NE,NIG,NER
Norfolk Island,Territory of Norfolk Island,Territory of Norfolk Island,Norfolk Island,Teratri of Norf'k Ailen,Norf'k Ailen,NF,NFK
Nigeria,Federal Republic of Nigeria,Federal Republic of Nigeria,Nigeria,NG,NGR
Nicaragua,Republic of Nicaragua,República de Nicaragua,Nicaragua,NI,NCA
Niue,Niue,Niue,Niue,Niuē,Niuē,NU,NIU
Netherlands,Kingdom of the Netherlands,Koninkrijk der Nederlanden,Nederland,NL,NED
Norway,Kingdom of Norway,Kongeriket Noreg,Noreg,Kongeriket Norge,Norge,Norgga gonagasriika,Norgga,NO,NOR
Nepal,Federal Democratic Republic of Nepal,नेपाल संघीय लोकतान्त्रिक गणतन्त्र,नेपाल,NP,NEP
Nauru,Republic of Nauru,Republic of Nauru,Nauru,Republic of Nauru,Nauru,NR,NRU
New Zealand,New Zealand,New Zealand,New Zealand,Aotearoa,Aotearoa,New Zealand,New Zealand,NZ,NZL
Oman,Sultanate of Oman,سلطنة عمان,عمان,OM,OMA
Pakistan,Islamic Republic of Pakistan,Islamic Republic of Pakistan,Pakistan,اسلامی جمہوریۂ پاكستان,پاكستان,PK,PAK
Panama,Republic of Panama,República de Panamá,Panamá,PA,PAN
Pitcairn Islands,Pitcairn Group of Islands,Pitcairn Group of Islands,Pitcairn Islands,PN,PCN
Peru,Republic of Peru,Piruw Suyu,Piruw,Piruw Ripuwlika,Piruw,República del Perú,Perú,PE,PER
Philippines,Republic of the Philippines,Republic of the Philippines,Philippines,Republic of the Philippines,Pilipinas,PH,PHI
Palau,Republic of Palau,Republic of Palau,Palau,Beluu er a Belau,Belau,PW,PLW
Papua New Guinea,Independent State of Papua New Guinea,Independent State of Papua New Guinea,Papua New Guinea,Independen Stet bilong Papua Niugini,Papua Niu Gini,Independen Stet bilong Papua Niugini,Papua Niugini,PG,PNG
Poland,Republic of Poland,Rzeczpospolita Polska,Polska,PL,POL
Puerto Rico,Commonwealth of Puerto Rico,Commonwealth of Puerto Rico,Puerto Rico,Estado Libre Asociado de Puerto Rico,Puerto Rico,PR,PUR
North Korea,Democratic People's Republic of Korea,조선 민주주의 인민 공화국,북한,KP,PRK
Portugal,Portuguese Republic,República português,Portugal,PT,POR
Paraguay,Republic of Paraguay,Tetã Paraguái,Paraguái,República de Paraguay,Paraguay,PY,PAR
Palestine,State of Palestine,دولة فلسطين,فلسطين,PS,PLE
French Polynesia,French Polynesia,Polynésie française,Polynésie française,PF,PYF
Qatar,State of Qatar,دولة قطر,قطر,QA,QAT
Réunion,Réunion Island,Ile de la Réunion,La Réunion,RE,REU
Romania,Romania,România,România,RO,ROU
Russian Federation,Russia,Российская Федерация,Россия,RU,RUS
Rwanda,Republic of Rwanda,Republic of Rwanda,Rwanda,République rwandaise,Rwanda,Repubulika y'u Rwanda,Rwanda,RW,RWA
Saudi Arabia,Kingdom of Saudi Arabia,المملكة العربية السعودية,العربية السعودية,SA,KSA
Sudan,Republic of the Sudan,جمهورية السودان,السودان,Republic of the Sudan,Sudan,SD,SUD
Senegal,Republic of Senegal,République du Sénégal,Sénégal,SN,SEN
Singapore,Republic of Singapore,新加坡共和国,新加坡,Republic of Singapore,Singapore,Republik Singapura,Singapura,சிங்கப்பூர் குடியரசு,சிங்கப்பூர்,SG,SGP
South Georgia,South Georgia and the South Sandwich Islands,South Georgia and the South Sandwich Islands,South Georgia,GS,
Svalbard and Jan Mayen,Svalbard og Jan Mayen,Svalbard og Jan Mayen,Svalbard og Jan Mayen,SJ,
Solomon Islands,Solomon Islands,Solomon Islands,Solomon Islands,SB,SOL
Sierra Leone,Republic of Sierra Leone,Republic of Sierra Leone,Sierra Leone,SL,SLE
El Salvador,Republic of El Salvador,República de El Salvador,El Salvador,SV,ESA
San Marino,Most Serene Republic of San Marino,Serenissima Repubblica di San Marino,San Marino,SM,SMR
Somalia,Federal Republic of Somalia,جمهورية الصومال‎‎,الصومال‎‎,Jamhuuriyadda Federaalka Soomaaliya,Soomaaliya,SO,SOM
Saint Pierre and Miquelon,Saint Pierre and Miquelon,Collectivité territoriale de Saint-Pierre-et-Miquelon,Saint-Pierre-et-Miquelon,PM,SPM
Serbia,Republic of Serbia,Република Србија,Србија,RS,SRB
South Sudan,Republic of South Sudan,Republic of South Sudan,South Sudan,SS,SSD
São Tomé and Príncipe,Democratic Republic of São Tomé and Príncipe,República Democrática do São Tomé e Príncipe,São Tomé e Príncipe,ST,STP
Suriname,Republic of Suriname,Republiek Suriname,Suriname,SR,SUR
Slovakia,Slovak Republic,Slovenská republika,Slovensko,SK,SVK
Slovenia,Republic of Slovenia,Republika Slovenija,Slovenija,SI,SLO
Sweden,Kingdom of Sweden,Konungariket Sverige,Sverige,SE,SWE
Swaziland,Kingdom of Swaziland,Kingdom of Swaziland,Swaziland,Kingdom of Swaziland,Swaziland,SZ,SWZ
Sint Maarten,Sint Maarten,Sint Maarten,Sint Maarten,Saint-Martin,Saint-Martin,Sint Maarten,Sint Maarten,MF,MAF
Seychelles,Republic of Seychelles,Repiblik Sesel,Sesel,Republic of Seychelles,Seychelles,République des Seychelles,Seychelles,SC,SEY
Syria,Syrian Arab Republic,الجمهورية العربية السورية,سوريا,SY,SYR
Turks and Caicos Islands,Turks and Caicos Islands,Turks and Caicos Islands,Turks and Caicos Islands,TC,TCA
Chad,Republic of Chad,جمهورية تشاد,تشاد‎,République du Tchad,Tchad,CHA,TD,TCD
Togo,Togolese Republic,République togolaise,Togo,TG,TOG
Thailand,Kingdom of Thailand,ราชอาณาจักรไทย,ประเทศไทย,TH,THA
Tajikistan,Republic of Tajikistan,Республика Таджикистан,Таджикистан,Ҷумҳурии Тоҷикистон,Тоҷикистон,TJ,TJK
Tokelau,Tokelau,Tokelau,Tokelau,Tokelau,Tokelau,Tokelau,Tokelau,TK,
Turkmenistan,Turkmenistan,Туркменистан,Туркмения,Türkmenistan,Türkmenistan,TM,TKM
Timor-Leste,Democratic Republic of Timor-Leste,República Democrática de Timor-Leste,Timor-Leste,Repúblika Demokrátika Timór-Leste,Timór-Leste,TL,TLS
Tonga,Kingdom of Tonga,Kingdom of Tonga,Tonga,Kingdom of Tonga,Tonga,TO,TON
Trinidad and Tobago,Republic of Trinidad and Tobago,Republic of Trinidad and Tobago,Trinidad and Tobago,TT,TTO
Tunisia,Tunisian Republic,الجمهورية التونسية,تونس,TN,TUN
Turkey,Republic of Turkey,Türkiye Cumhuriyeti,Türkiye,TR,TUR
Tuvalu,Tuvalu,Tuvalu,Tuvalu,Tuvalu,Tuvalu,TV,TUV
Taiwan,Republic of China (Taiwan),中華民國,台灣,TW,TPE
Tanzania,United Republic of Tanzania,United Republic of Tanzania,Tanzania,Jamhuri ya Muungano wa Tanzania,Tanzania,TZ,TAN
Uganda,Republic of Uganda,Republic of Uganda,Uganda,Republic of Uganda,Uganda,UG,UGA
Ukraine,Ukraine,Україна,Україна,UA,UKR
United States Minor Outlying Islands,United States Minor Outlying Islands,United States Minor Outlying Islands,United States Minor Outlying Islands,UM,UMI
Uruguay,Oriental Republic of Uruguay,República Oriental del Uruguay,Uruguay,UY,URU
United States,United States of America,New York,NY,Washington,Chicago,California,Massachusetts,Texas,United States of America,United States,US,USA,AL,AK,AZ,AR,CA,CT,CO,DE,DC,FL,GA,HI,ID,IL,IN,IA,KS,KY,LA,ME,MD,MI,MN,MA,MO,MT,NE,NH,NV,NY,NC,ND,OH,OK,OR,PA,RI,SC,SD,TN,TX,UT,VT,VA,WA,WV,WT,WY
Uzbekistan,Republic of Uzbekistan,Республика Узбекистан,Узбекистан,O'zbekiston Respublikasi,O‘zbekiston,UZ,UZB
Vatican City,Vatican City State,Stato della Città del Vaticano,Vaticano,Status Civitatis Vaticanæ,Vaticanæ,VA,
Saint Vincent and the Grenadines,Saint Vincent and the Grenadines,Saint Vincent and the Grenadines,Saint Vincent and the Grenadines,VC,VIN
Venezuela,Bolivarian Republic of Venezuela,República Bolivariana de Venezuela,Venezuela,VE,VEN
British Virgin Islands,Virgin Islands,Virgin Islands,British Virgin Islands,VG,IVB
United States Virgin Islands,Virgin Islands of the United States,Virgin Islands of the United States,United States Virgin Islands,VI,ISV
Vietnam,Viet Nam,Socialist Republic of Vietnam,Cộng hòa xã hội chủ nghĩa Việt Nam,Việt Nam,VN,VIE
Vanuatu,Republic of Vanuatu,Ripablik blong Vanuatu,Vanuatu,Republic of Vanuatu,Vanuatu,République de Vanuatu,Vanuatu,VU,VAN
Wallis and Futuna,Territory of the Wallis and Futuna Islands,Territoire des îles Wallis et Futuna,Wallis et Futuna,WF,
Samoa,Independent State of Samoa,Independent State of Samoa,Samoa,Malo Saʻoloto Tutoʻatasi o Sāmoa,Sāmoa,WS,SAM
Yemen,Republic of Yemen,الجمهورية اليمنية,اليَمَن,YE,YEM
South Africa,Republic of South Africa,Republiek van Suid-Afrika,South Africa,Republic of South Africa,South Africa,IRiphabliki yeSewula Afrika,Sewula Afrika,Rephaboliki ya Afrika-Borwa ,Afrika-Borwa,Rephaboliki ya Afrika Borwa,Afrika Borwa,IRiphabhulikhi yeNingizimu Afrika,Ningizimu Afrika,Rephaboliki ya Aforika Borwa,Aforika Borwa,Riphabliki ra Afrika Dzonga,Afrika Dzonga,Riphabuḽiki ya Afurika Tshipembe,Afurika Tshipembe,IRiphabliki yaseMzantsi Afrika,Mzantsi Afrika,IRiphabliki yaseNingizimu Afrika,Ningizimu Afrika,ZA,ZAF
Zambia,Republic of Zambia,Republic of Zambia,Zambia,ZM,ZAM,ZMB
Zimbabwe,Republic of Zimbabwe,Republic of Zimbabwe,Zimbabwe,Republic of Zimbabwe,Zimbabwe,Republic of Zimbabwe,Zimbabwe,Republic of Zimbabwe,Zimbabwe,Republic of Zimbabwe,Zimbabwe,Republic of Zimbabwe,Zimbabwe,Republic of Zimbabwe,Zimbabwe,Republic of Zimbabwe,Zimbabwe,Republic of Zimbabwe,Zimbabwe,Republic of Zimbabwe,Zimbabwe,Republic of Zimbabwe,Zimbabwe,Republic of Zimbabwe,Zimbabwe,Republic of Zimbabwe,Zimbabwe,Republic of Zimbabwe,Zimbabwe,Republic of Zimbabwe,Zimbabwe,ZW,ZIM,ZWE
